nombre,sigla,cobertura
"OBRA SOCIAL DEL PERSONAL DE LA ACTIVIDAD AZUCARERA TUCUMANA","",0.30
"OBRA SOCIAL DEL PERSONAL DE LA INDUSTRIA BOTONERA","OSPIB",0.30
"OBRA SOCIAL CONDUCTORES DE TRANSPORTE COLECTIVO DE PASAJEROS","",0.30
"OBRA SOCIAL DEL PERSONAL DE LA INDUSTRIA DEL FOSFORO, ENCENDIDO Y AFINES","OSPIF",0.30
"OBRA SOCIAL PARA EL PERSONAL DE ESTACIONES DE SERVICIO, GARAGES, PLAYAS DE ESTACIONAMIENTO, LAVADEROS AUTOMATICOS Y GOMERIAS DE LA REPUBLICA ARGENTINA","OSPES",0.30
"OBRA SOCIAL DEL PERSONAL SUPERIOR MERCEDES BENZ ARGENTINA","OSPS MERCEDES",0.30
"OBRA SOCIAL DE GUINCHEROS Y MAQUINISTAS DE GRUAS MOVILES","",0.30
"OBRA SOCIAL DEL PERSONAL DE PRENSA DE LA REPUBLICA ARGENTINA","OSPPRA",0.30
"OBRA SOCIAL DEL PERSONAL DE MAESTRANZA","OSPM",0.30
"OBRA SOCIAL DEL PERSONAL DE ESCRIBANOS","OSPE",0.30
"OBRA SOCIAL DE TECNICOS DE FUTBOL","OSTECF",0.30
"OBRA SOCIAL DE LA INDUSTRIA DEL TRANSPORTE  AUTOMOTOR DE CORDOBA","OSITAC",0.30
"OBRA SOCIAL DEL PERSONAL DE LA INDUSTRIA MOLINERA","OSPIM",0.30
"OBRA SOCIAL DEL PERSONAL GRAFICO","OSPG",0.30
"OBRA SOCIAL DEL PERSONAL DE LA INDUSTRIA DEL CAUCHO DE SANTA FE","OSPIC SANTA FE",0.30
"OBRA SOCIAL DEL PERSONAL MARITIMO","OSPM",0.30
"OBRA SOCIAL DEL PERSONAL DE LA INDUSTRIA DEL CUERO Y AFINES","OSPICA",0.30
"OBRA SOCIAL DEL PERSONAL DE EDIFICIOS DE RENTA Y HORIZONTAL DE LA CIUDAD AUTONOMA DE BUENOS AIRES  Y GRAN BUENOS AIRES","OSPERYH",0.30
"OBRA SOCIAL DE AGENTES DE PROPAGANDA MEDICA DE LA REPUBLICA ARGENTINA","OSAPM",0.30
"OBRA SOCIAL DE TRABAJADORES DE LA INDUSTRIA DEL GAS","OSTIG",0.30
"OBRA SOCIAL DEL PERSONAL DE DISTRIBUIDORAS CINEMATOGRAFICAS DE LA R.A.","OSPEDICI",0.30
"OBRA SOCIAL DE TRABAJADORES DEL PETROLEO Y GAS PRIVADO DEL CHUBUT","",0.30
"OBRA SOCIAL DEL PERSONAL DE LA INDUSTRIA MADERERA","OSPIM",0.30
"OBRA SOCIAL DE CONDUCTORES CAMIONEROS Y PERSONAL DEL TRANSPORTE AUTOMOTOR DE CARGAS","",0.30
"OBRA SOCIAL DE FUTBOLISTAS","FAA",0.30
"OBRA SOCIAL DE PETROLEROS PRIVADOS","OS.PE.PRI",0.30
"OBRA SOCIAL DEL PERSONAL DE OBRAS Y SERVICIOS SANITARIOS","OSOSS",0.30
"OBRA SOCIAL DEL PERSONAL TECNICO AERONAUTICO","OSPTA",0.30
"OBRA SOCIAL DE LOS TRABAJADORES DE LAS EMPRESAS DE ELECTRICIDAD","OSTEE",0.30
"OBRA SOCIAL DE AGENTES DE PROPAGANDA MEDICA DE ENTRE RIOS","OSAPMER",0.30
"OBRA SOCIAL DEL PERSONAL DE INDUSTRIAS QUIMICAS Y PETROQUIMICAS","OSPIQYP",0.30
"OBRA SOCIAL DEL PERSONAL DE CEMENTERIOS DE LA REPUBLICA ARGENTINA.","OSPCRA",0.30
"OBRA SOCIAL DE OPERADORES CINEMATOGRAFICOS","OSOC",0.30
"OBRA SOCIAL DE LOS CORTADORES DE LA INDUMENTARIA","OSUCI",0.30
"OBRA SOCIAL PORTUARIOS  PUERTO SAN MARTIN Y BELLA VISTA","",0.30
"OBRA SOCIAL DEL PERSONAL DE LA ACTIVIDAD CERVECERA Y AFINES","OSPACA",0.30
"OBRA SOCIAL DE OBREROS EMPACADORES DE FRUTA  DE RIO NEGRO Y NEUQUEN","",0.30
"OBRA SOCIAL DE TRABAJADORES DE LAS COMUNICACIONES","OSTRAC",0.30
"OBRA SOCIAL DEL PERSONAL DE LA INDUSTRIA DEL CAUCHO","OSPIC",0.30
"OBRA SOCIAL  DE LA UNION  DE TRABAJADORES  DEL TURISMO, HOTELEROS Y GASTRONOMICOS DE LA REPUBLICA  ARGENTINA","OSUTHGRA",0.30
"OBRA SOCIAL DE AGENTES DE PROPAGANDA MEDICA DE CORDOBA","OSAPMCBA",0.30
"OBRA SOCIAL DE JEFES Y OFICIALES MAQUINISTAS NAVALES","OSJOMN",0.30
"OBRA SOCIAL DEL PERSONAL DE LA CERAMICA, SANITARIOS, PORCELANA DE MESA Y AFINES","OSPCSPMYA",0.30
"OBRA SOCIAL DE TRABAJADORES DE ESTACIONES DE SERVICIO","OSTES",0.30
"OBRA SOCIAL DEL PERSONAL DE LA INDUSTRIA CINEMATOGRAFICA","OSPIC",0.30
"OBRA SOCIAL DE JEFES Y OFICIALES NAVALES DE RADIOCOMUNICACIONES","OSJONR",0.30
"OBRA SOCIAL DEL PERSONAL CINEMATOGRAFICO DE MAR DEL PLATA","OSPERCIN",0.30
"OBRA SOCIAL DEL PERSONAL NAVAL","OSPENA",0.30
"OBRA SOCIAL DE LA INDUSTRIA DE PASTAS ALIMENTICIAS","OSIPA",0.30
"OBRA SOCIAL DEL PERSONAL DE LA INDUSTRIA DEL NEUMATICO","OSPIN",0.30
"OBRA SOCIAL DEL PERSONAL DE PELUQUERIAS, ESTETICAS Y AFINES","OSPPEA",0.30
"OBRA SOCIAL DE MUSICOS","OSDEM",0.30
"OBRA SOCIAL DEL PERSONAL DE INDUSTRIAS  QUIMICAS Y PETROQUIMICAS DE ZARATE CAMPANA","OPZC",0.30
"OBRA SOCIAL DEL PERSONAL DE LA INDUSTRIA DEL CALZADO","OSPICAL",0.30
"OBRA SOCIAL DEL PERSONAL DE DIRECCION DE LA EMPRESA SUBTERRANEOS DE BUENOS AIRES","OSPDESBA",0.30
"OBRA SOCIAL DEL PERSONAL DEL AZUCAR DEL INGENIO LEDESMA","OSPAIL",0.30
"OBRA SOCIAL DEL PERSONAL DE DRAGADO Y BALIZAMIENTO","OSPEDYB",0.30
"OBRA SOCIAL DE PANADEROS, PASTELEROS Y FACTUREROS DE ENTRE RIOS","OSSPYFER",0.30
"OBRA SOCIAL DE RECIBIDORES DE GRANOS Y ANEXOS","OSRGA",0.30
"OBRA SOCIAL DEL PERSONAL DE REFINERIAS DE MAIZ","",0.30
"OBRA SOCIAL DEL PERSONAL DE SUPERVISION DE LA EMPRESA SUBTERRANEOS DE BUENOS AIRES","OSPSESBA",0.30
"OBRA SOCIAL DEL PERSONAL DE LA ACTIVIDAD VIAL","OSPA-VIAL",0.30
"OBRA SOCIAL DEL PERSONAL DE LA INDUSTRIA  DEL TABACO","OSPIT",0.30
"OBRA SOCIAL DEL PERSONAL DE LA INDUSTRIA DEL VIDRIO","OSPIV",0.30
"OBRA SOCIAL DE VENDEDORES AMBULANTES DE LA REPUBLICA ARGENTINA","OSVARA",0.30
"OBRA SOCIAL DEL PERSONAL DE VIGILANCIA Y SEGURIDAD COMERCIAL, INDUSTRIAL E INVESTIGACIONES PRIVADAS DE CORDOBA","OSPEVIC",0.30
"OBRA SOCIAL DE LOS PROFESIONALES UNIVERSITARIOS DEL AGUA Y LA ENERGIA ELECTRICA","OSPUAYE",0.30
"OBRA SOCIAL DE BOXEADORES AGREMIADOS DE LA REPUBLICA ARGENTINA","OSBARA",0.30
"OBRA SOCIAL DE COMISARIOS NAVALES","",0.30
"OBRA SOCIAL DE LA UNION DE TRABAJADORES DEL INSTITUTO NACIONAL DE SERVICIOS SOCIALES PARA JUBILADOS Y PENSIONADOS DE LA REPUBLICA ARGENTINA","OSUTI",0.30
"OBRA SOCIAL DEL PERSONAL DE LA FEDERACION DE SINDICATOS DE LA INDUSTRIA QUIMICA Y PETROQUIMICA","",0.30
"OBRA SOCIAL DE LOS MEDICOS DE LA CIUDAD DE BUENOS AIRES","OSMEDICA",0.30
"OBRA SOCIAL DEL SINDICATO UNICO DE RECOLECTORES DE RESIDUOS Y BARRIDO DE CORDOBA","O.S.S.U.R.R.B.A.C",0.30
"OBRA SOCIAL DEL PERSONAL RURAL Y ESTIBADORES DE LA REPUBLICA ARGENTINA","OSPRERA",0.30
"OBRA SOCIAL DE LA UNION OBRERA METALURGICA DE LA REPUBLICA ARGENTINA","OSUOMRA",0.30
"OBRA SOCIAL DEL PERSONAL DE IMPRENTAS, DIARIOS Y AFINES","OSPIDA",0.30
"OBRA SOCIAL TRABAJADORES  PASTELEROS, CONFITEROS, PIZZEROS , HELADEROS Y ALFAJOREROS DE LA REPUBLICA ARGENTINA","OSTPCHPYARA",0.30
"OBRA SOCIAL DE COLOCADORES DE AZULEJOS, MOSAICOS, GRANITEROS, LUSTRADORES Y PORCELANEROS","OSCAMGLYP",0.30
"OBRA SOCIAL DE LOS  SUPERVISORES DE LA INDUSTRIA METALMECANICA DE LA REPUBLICA ARGENTINA","OSSIMRA",0.30
"OBRA SOCIAL DEL PERSONAL DE LA INDUSTRIA PETROQUIMICA","OSPIP",0.30
"OBRA SOCIAL DE VIAJANTES VENDEDORES DE LA REPUBLICA ARGENTINA. (ANDAR)","OSVVRA",0.30
"OBRA SOCIAL DEL PERSONAL DEL PAPEL, CARTON Y QUIMICOS","OSPPCYQ",0.30
"OBRA SOCIAL DEL PERSONAL DE EDIFICIOS DE RENTA Y HORIZONTAL DE LA REPUBLICA ARGENTINA","OSPERYHRA",0.30
"OBRA SOCIAL DE ENCARGADOS APUNTADORES MARITIMOS","OSEAM",0.30
"OBRA SOCIAL DEL PERSONAL DE BARRACAS DE LANAS, CUEROS Y ANEXOS","",0.30
"OBRA SOCIAL DEL PERSONAL DEL ESPECTACULO PUBLICO","OSPEP",0.30
"OBRA SOCIAL CONDUCTORES DE TAXIS DE CORDOBA","OSTC",0.30
"OBRA SOCIAL DEL PERSONAL DE LA ACTIVIDAD DEL TURF","OSPAT",0.30
"OBRA SOCIAL DE LOS TRABAJADORES ARGENTINOS DE CENTROS DE CONTACTOS","O.S.T.A.C.C,",0.30
"OBRA SOCIAL DE LA ASOCIACION DEL PERSONAL SUPERIOR DE LA EMPRESA PROVINCIAL DE ENERGIA DE CORDOBA","O.S.A.P.S.E",0.30
"OBRA SOCIAL DEL PERSONAL DE LA ENSEÑANZA PRIVADA","OSPEP",0.30
"OBRA SOCIAL DEL PERSONAL DE PANADERIAS","OSPEP",0.30
"OBRA SOCIAL DEL PERSONAL DE PRENSA DE BAHIA BLANCA","",0.30
"OBRA SOCIAL  EMPLEADOS DE AGENCIAS DE INFORMES","OSEADI",0.30
"OBRA SOCIAL DEL PERSONAL DE LA INDUSTRIA AZUCARERA","OSPIA",0.30
"OBRA SOCIAL DEL PERSONAL MENSUALIZADO DEL JOCKEY CLUB DE BUENOS AIRES Y LOS HIPODROMOS DE PALERMO Y SAN ISIDRO","",0.30
"OBRA SOCIAL DEL PERSONAL DEL AZUCAR DEL INGENIO LA ESPERANZA","OSPA",0.30
"OBRA SOCIAL DE TRABAJADORES DE PRENSA DE BUENOS AIRES","OSTPBA",0.30
"OBRA SOCIAL DE LA FEDERACION ARGENTINA DE TRABAJADORES DE LUZ Y FUERZA","OSFATLYF",0.30
"OBRA SOCIAL DE LA CONFEDERACION DE OBREROS Y EMPLEADOS MUNICIPALES  ARGENTINA ( OSCOEMA )","OSCOEMA",0.30
"OBRA SOCIAL DEL PERSONAL DE LUZ Y FUERZA DE CORDOBA","OSLYF",0.30
"OBRA SOCIAL DE LOCUTORES","OSDEL",0.30
"OBRA SOCIAL DEL PERSONAL DE TELECOMUNICACIONES SINDICATO BUENOS AIRES","OSPETELCO",0.30
"OBRA SOCIAL DEL PERSONAL LADRILLERO","OSPL",0.30
"OBRA SOCIAL FEDERAL DE LA FEDERACION NACIONAL DE TRABAJADORES DE OBRAS SANITARIAS","OSFFENTOS",0.30
"OBRA SOCIAL DEL PERSONAL DE FARMACIA","OSPF",0.30
"OBRA SOCIAL DE LA FEDERACION ARGENTINA DEL TRABAJADOR  DE LAS UNIVERSIDADES NACIONALES","OSFATUN",0.30
"OBRA SOCIAL ASOCIACION PROFESIONAL DE CAPITANES Y BAQUEANOS FLUVIALES Y PERSONAL CON  CONOCIMIENTO DE ZONA DE LA MARINA MERCANTE","OSCAPBAQFLU",0.30
"OBRA SOCIAL DEL PERSONAL DE ENTIDADES DEPORTIVAS Y CIVILES","OSPEDYC",0.30
"OBRA SOCIAL SERVICIOS SOCIALES BANCARIOS","OSBA",0.30
"OBRA SOCIAL DEL PERSONAL DE LA INDUSTRIA LECHERA","OSPIL",0.30
"OBRA SOCIAL DE MANDOS MEDIOS DE TELECOMUNICACIONES EN LA REPUBLICA ARGENTINA Y MERCOSUR","OSMMEDT",0.30
"OBRA SOCIAL DEL PERSONAL DE AGUAS GASEOSAS Y AFINES","OSPAGA",0.30
"OBRA SOCIAL DE EMPLEADOS DE LA MARINA MERCANTE","OSEMM",0.30
"OBRA SOCIAL DEL PERSONAL DE PRENSA DE MAR DEL PLATA","OSPREN",0.30
"OBRA SOCIAL PARA EL PERSONAL DE LA INDUSTRIA ACEITERA, DESMOTADORA Y AFINES","OSIAD",0.30
"OBRA SOCIAL DEL PERSONAL DEL CAUCHO","OSPECA",0.30
"OBRA SOCIAL DEL PERSONAL DE LA SANIDAD ARGENTINA","OSPSA",0.30
"OBRA SOCIAL DEL PERSONAL DE LA ACTIVIDAD VITIVINICOLA","OSPAV",0.30
"OBRA SOCIAL TALLERISTAS A DOMICILIO","OSTAD",0.30
"OBRA SOCIAL DEL PERSONAL SUPERIOR Y PROFESIONAL DE EMPRESAS AEROCOMERCIALES","OSPEA",0.30
"OBRA SOCIAL DEL PERSONAL DE LA ACTIVIDAD PERFUMISTA","OSPAP",0.30
"OBRA SOCIAL DEL PETROLEO Y GAS PRIVADOS","OSPEGAP",0.30
"OBRA SOCIAL DE EMPLEADOS DE PRENSA DE CORDOBA","OSEPC",0.30
"OBRA SOCIAL DE CONDUCTORES DE REMISES Y AUTOS AL INSTANTE Y AFINES","OSCRAIA",0.30
"OBRA SOCIAL DEL PERSONAL DE LA INDUSTRIA DEL PLASTICO","OSPIP",0.30
"OBRA SOCIAL DEL PERSONAL DE LA INDUSTRIA NAVAL","OSPIN",0.30
"OBRA SOCIAL DEL PERSONAL DE CARGA Y DESCARGA","OSPCYD",0.30
"OBRA SOCIAL DE TRABAJADORES DE PERKINS ARGENTINA S.A.I.C","OSTP",0.30
"OBRA SOCIAL DE PORTUARIOS ARGENTINOS","OSPA",0.30
"OBRA SOCIAL DE LOS EMPLEADOS DE COMERCIO Y ACTIVIDADES CIVILES","OSECAC",0.30
"OBRA SOCIAL DEL PERSONAL DEL JOCKEY CLUB DE ROSARIO","",0.30
"OBRA SOCIAL PARA LOS TRABAJADORES DE LA EDUCACION PRIVADA","OSTEP",0.30
"OBRA SOCIAL DEL SINDICATO OBREROS Y EMPLEADOS DE EMPRESAS DE LIMPIEZA,SERVICIOS Y AFINES DE CORDOBA","OSSOELSAC",0.30
"OBRA SOCIAL DEL PERSONAL DE AERONAVEGACION DE ENTES PRIVADOS","OSPADEP",0.30
"OBRA SOCIAL DEL PERSONAL DE ESTACIONES DE SERVICIO Y G.N.C, GARAGES, PLAYAS DE ESTACIONAMIENTO Y LAVADEROS AUTOMATICOS","OSPESGYPE",0.30
"OBRA SOCIAL DEL PERSONAL DE LA CONSTRUCCION","OSPECON",0.30
"OBRA SOCIAL DE ACTORES","OSA",0.30
"OBRA SOCIAL DE MAQUINISTAS DE TEATRO Y TELEVISION","",0.30
"OBRA SOCIAL PEONES DE TAXIS DE ROSARIO","O.S.PE.TAX.R",0.30
"OBRA SOCIAL DEL PERSONAL DE SEGURIDAD COMERCIAL, INDUSTRIAL E INVESTIGACIONES PRIVADAS","OSPSIP",0.30
"OBRA SOCIAL DEL PERSONAL MOSAISTA","OSPM",0.30
"OBRA SOCIAL DEL PERSONAL DE LA INDUSTRIA FIDEERA","OSPIF",0.30
"OBRA SOCIAL DEL PERSONAL DE LA INDUSTRIA DEL VESTIDO","OSPIV",0.30
"OBRA SOCIAL DE RELOJEROS Y JOYEROS","OSRJA",0.30
"OBRA SOCIAL DEL PERSONAL DE LA INDUSTRIA DEL TRACTOR","OSPIT",0.30
"OBRA SOCIAL DEL PERSONAL DE JABONEROS","OSPEJ",0.30
"OBRA SOCIAL  PARA EL PERSONAL DE LA INDUSTRIA FORESTAL DE SANTIAGO DEL ESTERO","OSPIFSE",0.30
"OBRA SOCIAL DEL PERSONAL DE LA INDUSTRIA LADRILLERA A MAQUINA","OSPILM",0.30
"OBRA SOCIAL MODELOS ARGENTINOS","OSMA",0.30
"OBRA SOCIAL DEL PERSONAL DE PRENSA DE MENDOZA","",0.30
"OBRA SOCIAL DE VAREADORES","",0.30
"OBRA SOCIAL DEL PERSONAL DE LA ACTIVIDAD FRUTICOLA","OSPAF",0.30
"OBRA SOCIAL DE PEONES DE TAXIS DE LA CAPITAL FEDERAL","OSPETAX",0.30
"OBRA SOCIAL DEL PERSONAL DE CONSIGNATARIOS DEL MERCADO NACIONAL DE HACIENDA DE LINIERS","OSPEMER",0.30
"OBRA SOCIAL DE LUZ Y FUERZA DE LA PATAGONIA","OSLYF PATAGONIA",0.30
"OBRA SOCIAL DEL PERSONAL DE LA INDUSTRIA DEL CHACINADO Y AFINES","OSPICHA",0.30
"OBRA SOCIAL DE AERONAVEGANTES","OSA",0.30
"OBRA SOCIAL DE JARDINEROS, PARQUISTAS, VIVERISTAS Y FLORICULTORES DE LA REPUBLICA ARGENTINA","OSJPVYF",0.30
"OBRA SOCIAL DE CERAMISTAS","OSCE",0.30
"OBRA SOCIAL DE FOTOGRAFOS","OSFOT",0.30
"OBRA SOCIAL DEL PERSONAL DE INSTALACIONES SANITARIAS","OSPIS",0.30
"OBRA SOCIAL DEL PERSONAL DEL AZUCAR DEL INGENIO SAN MARTIN","OSPA",0.30
"OBRA SOCIAL DE CONDUCTORES NAVALES","OSCONARA",0.30
"OBRA SOCIAL DE FARMACEUTICOS Y BIOQUIMICOS","OSFYB",0.30
"OBRA SOCIAL DEL SINDICATO DE MECANICOS Y AFINES DEL TRANSPORTE AUTOMOTOR","OSMATA",0.30
"OBRA SOCIAL DEL PERSONAL DE LA INDUSTRIA TEXTIL","OSPIT",0.30
"OBRA SOCIAL DEL PERSONAL DEL AUTOMOVIL  CLUB ARGENTINO","OSPACA",0.30
"OBRA SOCIAL DEL PERSONAL ADMINISTRATIVO Y TECNICO DE LA CONSTRUCCION Y AFINES","OSPATCA",0.30
"OBRA SOCIAL DE CAPITANES DE ULTRAMAR Y OFICIALES DE LA MARINA MERCANTE","OSCOMM",0.30
"OBRA SOCIAL DE  EMPLEADOS DE LA INDUSTRIA DEL VIDRIO","OSEIV",0.30
"OBRA SOCIAL DE LA ACTIVIDAD MINERA","O.S.A.M.",0.30
"OBRA SOCIAL DE EMPLEADOS DE DESPACHANTES DE ADUANA","OSEDA",0.30
"OBRA SOCIAL DE OBREROS Y EMPLEADOS TINTOREROS SOMBREREROS Y LAVADEROS DE LA REPUBLICA ARGENTINA","OSOETSYLARA",0.30
"OBRA SOCIAL DEL PERSONAL DE RECOLECCION Y BARRIDO DE ROSARIO","",0.30
"OBRA SOCIAL PARA PILOTOS DE LINEAS AEREAS COMERCIALES Y REGULARES","OSPLA",0.30
"OBRA SOCIAL DE CHOFERES DE CAMIONES","OSCHOCA",0.30
"OBRA SOCIAL DEL PERSONAL DE PRENSA DE ROSARIO","OSPRO",0.30
"OBRA SOCIAL DEL PERSONAL DE LA INDUSTRIA DEL PESCADO DE MAR DEL PLATA","OSPIP",0.30
"OBRA SOCIAL DE EMPLEADOS DEL TABACO DE LA REPUBLICA ARGENTINA","OSETRA",0.30
"OBRA SOCIAL DEL PERSONAL DE TELEVISION","OSPTV",0.30
"OBRA SOCIAL DE CAPATACES  ESTIBADORES PORTUARIOS","OSCEP",0.30
"OBRA SOCIAL DEL PERSONAL DE LA INDUSTRIA DEL FIBROCEMENTO","OSPIF",0.30
"OBRA SOCIAL DEL PERSONAL DE LA PUBLICIDAD","OSPP",0.30
"OBRA SOCIAL DEL PERSONAL AERONAUTICO","OSPA",0.30
"OBRA SOCIAL DEL PERSONAL DE MANIPULEO, EMPAQUE Y EXPEDICION DE FRUTA FRESCA Y HORTALIZAS DE CUYO","OSFYHC",0.30
"OBRA SOCIAL DEL PERSONAL DE SOCIEDADES DE AUTORES Y AFINES","OSPESA",0.30
"OBRA SOCIAL DEL PERSONAL AUXILIAR DE CASAS PARTICULARES","OSPACP",0.30
"OBRA SOCIAL DE PETROLEROS","OSPE",0.30
"OBRA SOCIAL DEL PERSONAL DE ESTACIONES DE SERVICIO, GARAGES, PLAYAS Y LAVADEROS AUTOMATICOS DE LA PROVINCIA DE SANTA FE","OSPESGA",0.30
"OBRA SOCIAL PERSONAL ESTACIONES DE SERVICIO,GARAGES,PLAYAS Y LAVADEROS DE LA PROVINCIA DEL CHACO","OSPESCHA",0.30
"OBRA SOCIAL DE PETROLEROS DE CORDOBA","O.S.PE.COR",0.30
"OBRA SOCIAL ELECTRICISTAS NAVALES","OSEN",0.30
"OBRA SOCIAL DEL PERSONAL DE  MICROS Y OMNIBUS DE MENDOZA","OSPEMOM",0.30
"OBRA SOCIAL DEL PERSONAL DE ESCRIBANIAS DE LA PROVINCIA DE BUENOS AIRES","OSPEPBA",0.30
"OBRA SOCIAL DE DOCENTES PARTICULARES","OSDOP",0.30
"OBRA SOCIAL DE PATRONES DE CABOTAJE DE RIOS Y PUERTOS","",0.30
"OBRA SOCIAL DE SERENOS DE BUQUES","",0.30
"OBRA SOCIAL DEL PERSONAL DE PRENSA DE TUCUMAN","OSPRENTUC",0.30
"OBRA SOCIAL DE EMPLEADOS TEXTILES Y AFINES","OSETYA",0.30
"OBRA SOCIAL DE  LAS ASOCIACIONES DE EMPLEADOS DE FARMACIA","OSADEF",0.30
"OBRA SOCIAL DEL PERSONAL DE FABRICAS DE PINTURA","UPFPARA",0.30
"OBRA SOCIAL DE OFICIALES PELUQUEROS Y PEINADORES  DE LA 2DA CIRCUNSCRIPCION JUDICIAL DE LA PROVINCIA DE SANTA FE","",0.30
"OBRA SOCIAL DE ARBITROS DEPORTIVOS DE LA REPUBLICA ARGENTINA","OSADRA",0.30
"OBRA SOCIAL DEL PERSONAL DE LA INDUSTRIA DEL HIELO Y MERCADOS PARTICULARES","OSPIHMP",0.30
"OBRA SOCIAL DE LA FEDERACION GREMIAL DEL PERSONAL DE  LA INDUSTRIA DE LA CARNE Y SUS DERIVADOS","",0.30
"OBRA SOCIAL DEL PERSONAL DE LA INDUSTRIA DE LA ALIMENTACION","OSPIA",0.30
"OBRA SOCIAL DEL PERSONAL DE LOS HIPODROMOS DE BUENOS AIRES Y SAN ISIDRO","OSPHGBAYSI",0.30
"OBRA SOCIAL UNION PERSONAL DE LA UNION DEL  PERSONAL CIVIL DE LA NACION","OSPCN",0.30
"OBRA SOCIAL DE LOS TRABAJADORES VIALES Y AFINES DE LA REPUBLICA ARGENTINA","",0.30
"OBRA SOCIAL DEL PERSONAL DE LAS TELECOMUNICACIONES DE LA REPUBLICA ARGENTINA","OSTEL",0.30